cert_gap,cols,config,crossover_s,model,nnz,objective,pdhg_iterations,pdhg_kernel_s,pdhg_rel_kkt,pdhg_setup_s,pdhg_transfer_s,rows,seconds,status
2.0814287829904354e-15,592,dual,,plan_6x4,1653,14856.535142101788,,,,,,480,0.0095335,OPTIMAL
2.0814287829904354e-15,592,ipm,,plan_6x4,1653,14856.535142101788,,,,,,480,0.0109826,OPTIMAL
2.0814287829904354e-15,592,pdhg-cpu,0.0052023,plan_6x4,1653,14856.535142101788,16384,0.1379283,9.249367103878735e-07,0.0006171,0.0001173,480,0.242611,OPTIMAL
2.0814287829904354e-15,592,pdhg-gpu,0.0060899,plan_6x4,1653,14856.535142101788,16384,1.6337164306640626,9.249367081234663e-07,0.002048,0.0018247,480,1.7119996,OPTIMAL
0.0019498358708353051,592,pdhg-cpu_raw1e-4,,plan_6x4,1653,14859.08539253743,1920,0.0182805,9.73138406137537e-05,0.0010412,0.0001575,480,0.0907799,ITERATION_LIMIT
0.0019498358708398397,592,pdhg-gpu_raw1e-4,,plan_6x4,1653,14859.085392537392,1920,0.21094163513183595,9.731384061350362e-05,0.0017407,0.0015164,480,0.282054,ITERATION_LIMIT
1.796462116637084e-06,592,pdhg-gpu_raw1e-6,,plan_6x4,1653,14856.574626706057,16384,1.563765869140625,9.249367081234663e-07,0.0027365,0.0022209,480,1.6485469,ITERATION_LIMIT
5.102008951600635e-15,2736,dual,,plan_10x12,7809,42782.89797140066,,,,,,2112,0.1527831,OPTIMAL
5.442142881707345e-15,2736,ipm,,plan_10x12,7809,42782.89797140064,,,,,,2112,0.1198626,OPTIMAL
5.7822768118140554e-15,2736,pdhg-cpu,0.1114039,plan_10x12,7809,42782.897971400635,18432,1.8092552,9.87057299270276e-07,0.0024591,0.0010712,2112,2.1694082,OPTIMAL
5.7822768118140554e-15,2736,pdhg-gpu,0.082613,plan_10x12,7809,42782.897971400635,18432,1.792049560546875,9.870573157666128e-07,0.0048448,0.0033768,2112,1.968496,OPTIMAL
0.0006042276280645144,2736,pdhg-cpu_raw1e-4,,plan_10x12,7809,42781.20929341731,4544,0.4464646,9.07577706754465e-05,0.0028245,0.0012673,2112,0.5250782,ITERATION_LIMIT
0.0006042276280561769,2736,pdhg-gpu_raw1e-4,,plan_10x12,7809,42781.20929341759,4544,0.4602293701171875,9.075777067664407e-05,0.0032051,0.002096,2112,0.5349006,ITERATION_LIMIT
2.0479657176387464e-06,2736,pdhg-gpu_raw1e-6,,plan_10x12,7809,42782.81348797848,18432,1.8023575439453126,9.870573157666128e-07,0.0035788,0.0024976,2112,1.9084311,ITERATION_LIMIT
5.455399093766686e-15,5136,dual,,plan_20x12,14879,149376.28554428823,,,,,,3792,0.5285524,OPTIMAL
5.455399093766685e-15,5136,ipm,,plan_20x12,14879,149376.28554428826,,,,,,3792,0.3549005,OPTIMAL
5.6502347756869245e-15,5136,pdhg-cpu,0.8460569,plan_20x12,14879,149376.28554428823,35840,6.28837,8.541962567101519e-07,0.0042543,0.0018269,3792,7.8187526,OPTIMAL
5.6502347756869245e-15,5136,pdhg-gpu,0.9145432,plan_20x12,14879,149376.28554428823,35840,3.716422119140625,8.541962744702712e-07,0.0042721,0.0022775,3792,4.7291668,OPTIMAL
-0.00014496406506624198,5136,pdhg-cpu_raw1e-4,,plan_20x12,14879,149404.2422139321,12672,1.507556,9.470310108116044e-05,0.0038118,0.0008698,3792,1.6125808,ITERATION_LIMIT
-0.00014496406504832296,5136,pdhg-gpu_raw1e-4,,plan_20x12,14879,149404.2422139295,12672,1.2597064208984374,9.47031010732713e-05,0.0051274,0.0026525,3792,1.3671077,ITERATION_LIMIT
-5.486555119626976e-07,5136,pdhg-gpu_raw1e-6,,plan_20x12,14879,149376.40871538952,35840,3.434163330078125,8.541962744702712e-07,0.004291,0.0020695,3792,3.5182075,ITERATION_LIMIT
1.909421751516867e-14,22256,dual,,plan_20x52,64559,524332.4409163648,,,,,,16432,16.1213572,OPTIMAL
1.8428140159988366e-14,22256,ipm,,plan_20x52,64559,524332.4409163648,,,,,,16432,16.9370927,OPTIMAL
1.909421751516867e-14,22256,pdhg-cpu,13.2460499,plan_20x52,64559,524332.4409163648,274432,162.6106425,8.130153758652458e-07,0.0118566,0.0014565,16432,177.6125237,OPTIMAL
1.8428140159988366e-14,22256,pdhg-gpu,14.9170492,plan_20x52,64559,524332.4409163648,274432,37.18702734375,8.130153739780275e-07,0.0138798,0.0040055,16432,52.2348693,OPTIMAL
0.0007807149643700006,22256,pdhg-cpu_raw1e-4,,plan_20x52,64559,524258.9816716982,7104,2.2956111,8.432920618673667e-05,0.0112966,0.0014086,16432,2.4086885,ITERATION_LIMIT
0.0007807149643623405,22256,pdhg-gpu_raw1e-4,,plan_20x52,64559,524258.9816716977,7104,0.9245205078125,8.432920618707723e-05,0.0133251,0.003976,16432,1.0400114,ITERATION_LIMIT
-1.1531579828148703e-06,22256,pdhg-gpu_raw1e-6,,plan_20x52,64559,524333.3572210479,274432,36.0371015625,8.130153739780275e-07,0.0140541,0.0042938,16432,36.1504255,ITERATION_LIMIT
2.4688008828365175e-14,32656,dual,,plan_30x52,95229,933661.109811725,,,,,,23712,30.6506549,OPTIMAL
2.256833130269745e-14,32656,ipm,,plan_30x52,95229,933661.1098117253,,,,,,23712,27.9519094,OPTIMAL
2.443863500181603e-14,32656,pdhg-cpu,36.7524089,plan_30x52,95229,933661.109811725,202816,131.5108017,9.599053438767955e-07,0.0197207,0.0030669,23712,170.2217857,OPTIMAL
2.281770512924659e-14,32656,pdhg-gpu,33.6808097,plan_30x52,95229,933661.1098117254,202816,30.5379140625,9.599053377048075e-07,0.0340188,0.007325900000000001,23712,64.7457966,OPTIMAL
0.0002806637549218188,32656,pdhg-cpu_raw1e-4,,plan_30x52,95229,933793.788843292,13056,8.8035345,9.297104136710138e-05,0.0297074,0.0033473,23712,9.0023177,ITERATION_LIMIT
0.00028066375492705615,32656,pdhg-gpu_raw1e-4,,plan_30x52,95229,933793.7888432879,13056,2.89072314453125,9.297104136311993e-05,0.031139,0.0070268,23712,3.362906,ITERATION_LIMIT
-1.664125051131058e-06,32656,pdhg-gpu_raw1e-6,,plan_30x52,95229,933662.997894053,202816,29.3100859375,9.599053377048075e-07,0.0297487,0.0065369,23712,29.4773986,ITERATION_LIMIT
5.905267691370504e-14,86112,dual,,plan_40x104,251843,2160633.5121568213,,,,,,61984,253.8821088,OPTIMAL
1e+308,86112,ipm,,plan_40x104,251843,2138175.539787792,,,,,,61984,307.9886292,TIME_LIMIT
-3.371670233232972e-07,86112,pdhg-cpu,25.1635791,plan_40x104,251843,2160639.311703261,328000,272.7241973,9.837304346845094e-07,0.0799082,0.0119008,61984,300.2223046,ITERATION_LIMIT
5.732851116439979e-14,86112,pdhg-gpu,193.8211211,plan_40x104,251843,2160633.512156821,328000,65.0453828125,9.837304326370677e-07,0.0887047,0.0279738,61984,260.1540796,OPTIMAL
8.794980188840707e-05,86112,pdhg-cpu_raw1e-4,,plan_40x104,251843,2161021.0115485955,14208,12.0318824,9.714026850565171e-05,0.0694881,0.0071854,61984,13.2183386,ITERATION_LIMIT
8.794980188538994e-05,86112,pdhg-gpu_raw1e-4,,plan_40x104,251843,2161021.011548605,14208,2.445051513671875,9.714026850706304e-05,0.0881208,0.0164125,61984,3.6071121,ITERATION_LIMIT
-3.3716701642665507e-07,86112,pdhg-gpu_raw1e-6,,plan_40x104,251843,2160639.311703246,328000,66.726921875,9.837304326370677e-07,0.0784119,0.0129687,61984,67.1976085,ITERATION_LIMIT
1e+308,191568,dual,,plan_60x156,561847,7944256.548639301,,,,,,136656,300.0759721,TIME_LIMIT
1e+308,191568,ipm,,plan_60x156,561847,1451902.6597311727,,,,,,136656,317.3730587,TIME_LIMIT
1e+308,191568,pdhg-cpu,0.1198694,plan_60x156,561847,5410110.828783234,321471,298.132342,1.5613385508717253e-06,0.0898937,0.0098868,136656,300.1386162,TIME_LIMIT
1e+308,191568,pdhg-gpu,0.4139986,plan_60x156,561847,5410005.7166548325,211007,650.4113125,1.1334794554479845e-05,0.1211358,0.045736700000000005,136656,651.7076549,TIME_LIMIT
-6.719744988750534e-05,191568,pdhg-cpu_raw1e-4,,plan_60x156,561847,5411149.138281711,18432,26.0988664,9.200965271157684e-05,0.1079413,0.0129858,136656,27.1683503,ITERATION_LIMIT
-6.719744987769567e-05,191568,pdhg-gpu_raw1e-4,,plan_60x156,561847,5411149.1382816555,18432,9.8487470703125,9.2009652704262e-05,0.2010608,0.028703,136656,11.0647855,ITERATION_LIMIT
2.0361266792116513e-06,191568,pdhg-gpu_raw1e-6,,plan_60x156,561847,5410116.993698072,334784,167.87909375,9.895666408357375e-07,0.209348,0.0219741,136656,169.1262501,ITERATION_LIMIT
