instance,solver,status,engine_status,engine,objective,bound,gap,time,wall,certificate,cert_gap,rows,cols,nnz,iterations,nodes,gpu_kernel_s,gpu_transfer_s,router_engine,detail
blend_12,dual,OPTIMAL,OPTIMAL,dual-simplex,66477.85423906709,66477.85423906703,8.75594761289098e-16,0.0002724,0.010571699996944517,ACCEPTED,8.75594761289098e-16,5,12,60,5,,,,dual,
blend_12,ipm,OPTIMAL,OPTIMAL,ipm+crossover,66477.85423906709,66477.85423906702,1.0944934516113726e-15,0.0003777,0.00966599999810569,ACCEPTED,1.0944934516113726e-15,5,12,60,31,,,,ipm,
blend_12,pdhg-cpu,OPTIMAL,OPTIMAL,pdhg-cpu+crossover,66477.85423906708,66477.85423906702,8.755947612890982e-16,0.0546948,0.08059210001374595,ACCEPTED,8.755947612890982e-16,5,12,60,960,,0.0001983,1.48e-05,pdhg-cpu,
blend_12,pdhg-gpu,OPTIMAL,OPTIMAL,pdhg-gpu+crossover,66477.85423906708,66477.85423906702,8.755947612890982e-16,0.118491,0.14339949999703094,ACCEPTED,8.755947612890982e-16,5,12,60,960,,0.0649381103515625,0.0010792999999999998,pdhg-gpu,
blend_12,highs,OPTIMAL,,highs,66477.85423906709,,,0.0027021999994758517,,,,,,,,,,,,
blend_12_mip,dual,OPTIMAL,OPTIMAL,branch-and-cut,67489.42086079577,67488.04341497098,2.040980359921403e-05,0.0014115,0.01409289997536689,ACCEPTED,2.040980359921403e-05,29,24,108,6,6,,,bnb,
blend_12_mip,ipm,OPTIMAL,OPTIMAL,branch-and-cut,67489.42086079577,67488.04341497098,2.040980359921403e-05,0.0012295,0.01103059999877587,ACCEPTED,2.040980359921403e-05,29,24,108,6,6,,,bnb,
blend_12_mip,pdhg-cpu,OPTIMAL,OPTIMAL,branch-and-cut,67489.42086079577,67488.04341497098,2.040980359921403e-05,0.0012495,0.01060239999787882,ACCEPTED,2.040980359921403e-05,29,24,108,6,6,,,bnb,
blend_12_mip,pdhg-gpu,OPTIMAL,OPTIMAL,branch-and-cut,67489.42086079577,67488.04341497098,2.040980359921403e-05,0.0012383,0.012324900017119944,ACCEPTED,2.040980359921403e-05,29,24,108,6,6,,,bnb,
blend_12_mip,highs,OPTIMAL,,highs-mip,67489.42086109804,67489.42086109804,,0.007579199998872355,,,,,,,,,,,,
blend_30_mip,dual,OPTIMAL,OPTIMAL,branch-and-cut,66451.92534046918,66450.02715240513,2.856483170839699e-05,0.0120896,0.02289059999748133,ACCEPTED,2.856483170839699e-05,65,60,270,20,20,,,bnb,
blend_30_mip,ipm,OPTIMAL,OPTIMAL,branch-and-cut,66451.92534046918,66450.02715240513,2.856483170839699e-05,0.0118616,0.021236900007352233,ACCEPTED,2.856483170839699e-05,65,60,270,20,20,,,bnb,
blend_30_mip,pdhg-cpu,OPTIMAL,OPTIMAL,branch-and-cut,66451.92534046918,66450.02715240513,2.856483170839699e-05,0.0117817,0.020719699998153374,ACCEPTED,2.856483170839699e-05,65,60,270,20,20,,,bnb,
blend_30_mip,pdhg-gpu,OPTIMAL,OPTIMAL,branch-and-cut,66451.92534046918,66450.02715240513,2.856483170839699e-05,0.0120355,0.02284810002311133,ACCEPTED,2.856483170839699e-05,65,60,270,20,20,,,bnb,
blend_30_mip,highs,OPTIMAL,,highs-mip,66451.92534029618,66451.92534029618,,0.030299400008516386,,,,,,,,,,,,
dispatch_50x24,dual,OPTIMAL,OPTIMAL,ipm-qp,3524877.4319026642,3524877.430859825,2.9585117776337275e-10,0.0101785,0.024921400006860495,ACCEPTED,2.9585117776337275e-10,1174,1200,3500,22,,,,ipm-qp,
dispatch_50x24,ipm,OPTIMAL,OPTIMAL,ipm-qp,3524877.4319026642,3524877.430859825,2.9585117776337275e-10,0.0123308,0.02544499997748062,ACCEPTED,2.9585117776337275e-10,1174,1200,3500,22,,,,ipm-qp,
dispatch_50x24,pdhg-cpu,OPTIMAL,OPTIMAL,ipm-qp,3524877.4319026642,3524877.430859825,2.9585117776337275e-10,0.0136999,0.028785200003767386,ACCEPTED,2.9585117776337275e-10,1174,1200,3500,22,,,,ipm-qp,
dispatch_50x24,pdhg-gpu,OPTIMAL,OPTIMAL,ipm-qp,3524877.4319026642,3524877.430859825,2.9585117776337275e-10,0.0107644,0.023643099993932992,ACCEPTED,2.9585117776337275e-10,1174,1200,3500,22,,,,ipm-qp,
dispatch_50x24,highs,N/A,,,,,,,,,,,,,,,,,,QP not supported by scipy.optimize
plan_10x12,dual,OPTIMAL,OPTIMAL,dual-simplex,42782.89797140066,42782.897971400875,5.102008951600635e-15,0.1395509,0.1534014000208117,ACCEPTED,5.102008951600635e-15,2112,2736,7809,3041,,,,dual,
plan_10x12,ipm,OPTIMAL,OPTIMAL,ipm+crossover,42782.897971400635,42782.89797140088,5.7822768118140554e-15,0.0873917,0.10016780000296421,ACCEPTED,5.7822768118140554e-15,2112,2736,7809,26,,,,ipm,
plan_10x12,pdhg-cpu,OPTIMAL,OPTIMAL,pdhg-cpu+crossover,42782.897971400635,42782.89797140088,5.7822768118140554e-15,1.9999884,2.0294405999884475,ACCEPTED,5.7822768118140554e-15,2112,2736,7809,18432,,1.339889,0.0005214999999999999,pdhg-cpu,
plan_10x12,pdhg-gpu,OPTIMAL,OPTIMAL,pdhg-gpu+crossover,42782.897971400635,42782.89797140088,5.7822768118140554e-15,1.3806681,1.4127941000042483,ACCEPTED,5.7822768118140554e-15,2112,2736,7809,18432,,1.2524227294921875,0.001116,pdhg-gpu,
plan_10x12,highs,OPTIMAL,,highs,42782.897971400496,,,0.05259380000643432,,,,,,,,,,,,
plan_10x12_mip,dual,OPTIMAL,OPTIMAL,branch-and-cut,40545.311584840594,40549.36210270734,9.990101711929932e-05,21.0217447,21.04430730000604,ACCEPTED,9.990101711929932e-05,2244,2868,8193,9465,9465,,,bnb,
plan_10x12_mip,ipm,OPTIMAL,OPTIMAL,branch-and-cut,40545.311584840594,40549.36210270734,9.990101711929932e-05,21.1181381,21.139119900006335,ACCEPTED,9.990101711929932e-05,2244,2868,8193,9465,9465,,,bnb,
plan_10x12_mip,pdhg-cpu,OPTIMAL,OPTIMAL,branch-and-cut,40545.311584840594,40549.36210270734,9.990101711929932e-05,21.0679257,21.08767059998354,ACCEPTED,9.990101711929932e-05,2244,2868,8193,9465,9465,,,bnb,
plan_10x12_mip,pdhg-gpu,OPTIMAL,OPTIMAL,branch-and-cut,40545.311584840594,40549.36210270734,9.990101711929932e-05,21.140608,21.159057599987136,ACCEPTED,9.990101711929932e-05,2244,2868,8193,9465,9465,,,bnb,
plan_10x12_mip,highs,OPTIMAL,,highs-mip,40545.31158278047,40549.35206181927,,24.01941710000392,,,,,,,,,,,,
plan_10x6_mip,dual,OPTIMAL,OPTIMAL,branch-and-cut,21815.62545736295,21817.789730714,9.920748572084068e-05,3.8042906,3.847871500009205,ACCEPTED,9.920748572084068e-05,1122,1434,4089,2452,2452,,,bnb,
plan_10x6_mip,ipm,OPTIMAL,OPTIMAL,branch-and-cut,21815.62545736295,21817.789730714,9.920748572084068e-05,3.9596512,3.9741820999770425,ACCEPTED,9.920748572084068e-05,1122,1434,4089,2452,2452,,,bnb,
plan_10x6_mip,pdhg-cpu,OPTIMAL,OPTIMAL,branch-and-cut,21815.62545736295,21817.789730714,9.920748572084068e-05,3.7968526,3.810162699985085,ACCEPTED,9.920748572084068e-05,1122,1434,4089,2452,2452,,,bnb,
plan_10x6_mip,pdhg-gpu,OPTIMAL,OPTIMAL,branch-and-cut,21815.62545736295,21817.789730714,9.920748572084068e-05,3.8146842,3.8275745999999344,ACCEPTED,9.920748572084068e-05,1122,1434,4089,2452,2452,,,bnb,
plan_10x6_mip,highs,OPTIMAL,,highs-mip,21815.625449871688,21817.62089553402,,2.6350600000005215,,,,,,,,,,,,
plan_20x12,dual,OPTIMAL,OPTIMAL,dual-simplex,149376.28554428823,149376.28554428904,5.455399093766686e-15,0.4640265,0.4893873000110034,ACCEPTED,5.455399093766686e-15,3792,5136,14879,5847,,,,dual,
plan_20x12,ipm,OPTIMAL,OPTIMAL,ipm+crossover,149376.28554428826,149376.285544289,5.0657277299262076e-15,0.2896813,0.30561010001110844,ACCEPTED,5.0657277299262076e-15,3792,5136,14879,37,,,,ipm,
plan_20x12,pdhg-cpu,OPTIMAL,OPTIMAL,pdhg-cpu+crossover,149376.28554428823,149376.28554428907,5.6502347756869245e-15,5.6682152,5.710813100013183,ACCEPTED,5.6502347756869245e-15,3792,5136,14879,35840,,3.5771729,0.000563,pdhg-cpu,
plan_20x12,pdhg-gpu,OPTIMAL,OPTIMAL,pdhg-gpu+crossover,149376.28554428823,149376.28554428907,5.6502347756869245e-15,2.8688965,2.9011997999914456,ACCEPTED,5.6502347756869245e-15,3792,5136,14879,35840,,2.42688623046875,0.0014179,pdhg-gpu,
plan_20x12,highs,OPTIMAL,,highs,149376.28554428834,,,0.13387600000714883,,,,,,,,,,,,
plan_20x52,dual,OPTIMAL,OPTIMAL,dual-simplex,524332.4409163648,524332.440916375,1.953826908528887e-14,9.6125716,9.66546799999196,ACCEPTED,1.953826908528887e-14,16432,22256,64559,28721,,,,dual,
plan_20x52,ipm,OPTIMAL,OPTIMAL,ipm+crossover,524332.4409163648,524332.4409163743,1.8206114374928266e-14,9.3156245,9.358883900014916,ACCEPTED,1.8206114374928266e-14,16432,22256,64559,51,,,,ipm,
plan_20x52,pdhg-cpu,OPTIMAL,OPTIMAL,pdhg-cpu+crossover,524332.4409163647,524332.4409163748,1.9316243300228774e-14,85.2521435,85.31609120001667,ACCEPTED,1.9316243300228774e-14,16432,22256,64559,274432,,79.1670092,0.0013897,pdhg-cpu,
plan_20x52,pdhg-gpu,OPTIMAL,OPTIMAL,pdhg-gpu+crossover,524332.4409163648,524332.4409163751,1.976029487034897e-14,29.5144331,29.578816399996867,ACCEPTED,1.976029487034897e-14,16432,22256,64559,274432,,23.054642578125,0.0028912,pdhg-gpu,
plan_20x52,highs,OPTIMAL,,highs,524332.440916361,,,1.3520087000215426,,,,,,,,,,,,
plan_30x52,dual,OPTIMAL,OPTIMAL,dual-simplex,933661.1098117256,933661.1098117483,2.4313948088541444e-14,19.7832918,19.85768139999709,ACCEPTED,2.4313948088541444e-14,23712,32656,95229,40986,,,,dual,
plan_30x52,ipm,OPTIMAL,OPTIMAL,ipm+crossover,933661.1098117254,933661.1098117465,2.2568331302697446e-14,20.2909615,20.349851599981776,ACCEPTED,2.2568331302697446e-14,23712,32656,95229,59,,,,ipm,
plan_30x52,pdhg-cpu,OPTIMAL,OPTIMAL,pdhg-cpu+crossover,933661.1098117257,933661.1098117469,2.269301821597201e-14,97.6837171,97.76980480001657,ACCEPTED,2.269301821597201e-14,23712,32656,95229,202816,,78.3711893,0.0027593,pdhg-cpu,
plan_30x52,pdhg-gpu,OPTIMAL,OPTIMAL,pdhg-gpu+crossover,933661.1098117254,933661.1098117469,2.294239204252116e-14,33.9823101,34.061881400004495,ACCEPTED,2.294239204252116e-14,23712,32656,95229,202816,,19.02654296875,0.0034773,pdhg-gpu,
plan_30x52,highs,OPTIMAL,,highs,933661.1098117247,,,3.885060699976748,,,,,,,,,,,,
plan_40x104,dual,TIME_LIMIT,TIME_LIMIT,dual-simplex,2353429.389278434,,,120.0129075,120.16354979999596,ACCEPTED,1e+308,61984,86112,251843,98464,,,,dual,
plan_40x104,ipm,TIME_LIMIT,TIME_LIMIT,ipm+crossover,1626719.6646472984,,,121.7530507,121.9025338999927,ACCEPTED,1e+308,61984,86112,251843,21,,,,ipm,
plan_40x104,pdhg-cpu,TIME_LIMIT,TIME_LIMIT,pdhg-cpu,2160802.6126972963,,,120.0858241,120.25586200001999,ACCEPTED,1e+308,61984,86112,251843,255615,,118.3133499,0.004686399999999999,pdhg-cpu,
plan_40x104,pdhg-gpu,NUMERICAL_FAILURE,OPTIMAL,pdhg-gpu,2160639.311703246,2160638.583206936,3.3716701642665507e-07,120.0839145,120.27117940000608,REJECTED,-3.3716701642665507e-07,61984,86112,251843,328000,,45.55200390625,0.00706,pdhg-gpu,
plan_40x104,highs,OPTIMAL,,highs,2160633.512156827,,,26.64638940000441,,,,,,,,,,,,
plan_60x156,dual,TIME_LIMIT,TIME_LIMIT,dual-simplex,24948143.4088003,,,120.0441156,120.41556459999993,ACCEPTED,1e+308,136656,191568,561847,61440,,,,dual,
plan_60x156,ipm,TIME_LIMIT,TIME_LIMIT,ipm+crossover,-3708873.131224259,,,137.3185987,137.66729110002052,ACCEPTED,1e+308,136656,191568,561847,2,,,,ipm,
plan_60x156,pdhg-cpu,TIME_LIMIT,TIME_LIMIT,pdhg-cpu,5410048.211301489,,,120.1459075,120.54207990001305,ACCEPTED,1e+308,136656,191568,561847,139455,,118.14839,0.012907100000000001,pdhg-cpu,
plan_60x156,pdhg-gpu,NUMERICAL_FAILURE,OPTIMAL,pdhg-gpu,5410116.993698072,5410128.00938162,2.0361266792116513e-06,120.1955668,120.64535199999227,REJECTED,2.0361266792116513e-06,136656,191568,561847,334784,,109.696328125,0.0189958,pdhg-gpu,
plan_60x156,highs,OPTIMAL,,highs,5410126.647225298,,,91.76409599999897,,,,,,,,,,,,
plan_6x4,dual,OPTIMAL,OPTIMAL,dual-simplex,14856.535142101788,14856.535142101819,2.0814287829904354e-15,0.0073459,0.0371597999765072,ACCEPTED,2.0814287829904354e-15,480,592,1653,568,,,,dual,
plan_6x4,ipm,OPTIMAL,OPTIMAL,ipm+crossover,14856.535142101788,14856.535142101819,2.0814287829904354e-15,0.0103031,0.02071290000458248,ACCEPTED,2.0814287829904354e-15,480,592,1653,23,,,,ipm,
plan_6x4,pdhg-cpu,OPTIMAL,OPTIMAL,pdhg-cpu+crossover,14856.535142101788,14856.535142101819,2.0814287829904354e-15,1.7809157,1.8064650999731384,ACCEPTED,2.0814287829904354e-15,480,592,1653,16384,,0.1321099,8.61e-05,pdhg-cpu,
plan_6x4,pdhg-gpu,OPTIMAL,OPTIMAL,pdhg-gpu+crossover,14856.535142101788,14856.535142101819,2.0814287829904354e-15,1.1268909,1.1625081000092905,ACCEPTED,2.0814287829904354e-15,480,592,1653,16384,,1.068275634765625,0.0012324,pdhg-gpu,
plan_6x4,highs,OPTIMAL,,highs,14856.5351421018,,,0.007880899996962398,,,,,,,,,,,,
plan_6x4_mip,dual,OPTIMAL,OPTIMAL,branch-and-cut,13985.022288843424,13986.368537315217,9.626359143287923e-05,0.5718847,0.5937929999781772,ACCEPTED,9.626359143287923e-05,508,620,1733,1247,1247,,,bnb,
plan_6x4_mip,ipm,OPTIMAL,OPTIMAL,branch-and-cut,13985.022288843424,13986.368537315217,9.626359143287923e-05,0.5536112,0.5647691000194754,ACCEPTED,9.626359143287923e-05,508,620,1733,1247,1247,,,bnb,
plan_6x4_mip,pdhg-cpu,OPTIMAL,OPTIMAL,branch-and-cut,13985.022288843424,13986.368537315217,9.626359143287923e-05,0.5558007,0.5685304999933578,ACCEPTED,9.626359143287923e-05,508,620,1733,1247,1247,,,bnb,
plan_6x4_mip,pdhg-gpu,OPTIMAL,OPTIMAL,branch-and-cut,13985.022288843424,13986.368537315217,9.626359143287923e-05,0.5497142,0.5609617999871261,ACCEPTED,9.626359143287923e-05,508,620,1733,1247,1247,,,bnb,
plan_6x4_mip,highs,OPTIMAL,,highs-mip,13985.022288844419,13985.022288844419,,0.42867399999522604,,,,,,,,,,,,
uc_10x24,dual,OPTIMAL,OPTIMAL,branch-and-cut,644229.2462987261,644229.2462987261,0,0.0457266,0.06751599998096935,ACCEPTED,0,1708,960,5450,1,1,,,bnb,
uc_10x24,ipm,OPTIMAL,OPTIMAL,branch-and-cut,644229.2462987261,644229.2462987261,0,0.0460068,0.057802600000286475,ACCEPTED,0,1708,960,5450,1,1,,,bnb,
uc_10x24,pdhg-cpu,OPTIMAL,OPTIMAL,branch-and-cut,644229.2462987261,644229.2462987261,0,0.0458613,0.05903599999146536,ACCEPTED,0,1708,960,5450,1,1,,,bnb,
uc_10x24,pdhg-gpu,OPTIMAL,OPTIMAL,branch-and-cut,644229.2462987261,644229.2462987261,0,0.0457102,0.05728469998575747,ACCEPTED,0,1708,960,5450,1,1,,,bnb,
uc_10x24,highs,OPTIMAL,,highs-mip,644229.2463375082,644229.2463375082,,0.711502299993299,,,,,,,,,,,,
uc_30x24,dual,TIME_LIMIT,TIME_LIMIT,branch-and-cut,2064403.1362860452,1933220.9315472003,0.06354485828521246,120.0096224,120.03508100000909,ACCEPTED,0.06354485828521246,5028,2880,15820,481,481,,,bnb,
uc_30x24,ipm,TIME_LIMIT,TIME_LIMIT,branch-and-cut,2064403.1362860452,1933220.9315472003,0.06354485828521246,120.2694078,120.28838690000703,ACCEPTED,0.06354485828521246,5028,2880,15820,489,489,,,bnb,
uc_30x24,pdhg-cpu,TIME_LIMIT,TIME_LIMIT,branch-and-cut,2064403.1362860452,1933220.9315472003,0.06354485828521246,120.0386005,120.05660819998593,ACCEPTED,0.06354485828521246,5028,2880,15820,489,489,,,bnb,
uc_30x24,pdhg-gpu,TIME_LIMIT,TIME_LIMIT,branch-and-cut,2064403.1362860452,1933220.9315472003,0.06354485828521246,120.0749558,120.09484020000673,ACCEPTED,0.06354485828521246,5028,2880,15820,448,448,,,bnb,
uc_30x24,highs,OPTIMAL,,highs-mip,1933392.046606096,1933203.512487449,,7.357787400018424,,,,,,,,,,,,
